,brand,type,colour,country of origin,base price,sale price,sale percent
231546M213025,BAPE,T-Shirt,Blue,Japan,215,185,14
231168M191012,Maison Margiela,Trousers,Navy,Italy,1265,949,25
231967M213001,Heron Preston,T-Shirt,Black,Portugal,465,386,17
231482M192015,AMI Alexandre Mattiussi,Shirt,White,Portugal,275,215,22
231546M188001,BAPE,Pants,Khaki,China,419,302,28
231353M190004,Stüssy,Sweatpants,Blue,Viet Nam,250,105,58
231482M213023,AMI Alexandre Mattiussi,T-Shirt,Off-White,Portugal,239,110,54
231467M191028,Nanamica,Trousers,Multicolored,China,504,232,54
231729M202013,Homme Plissé Issey Miyake,Hoodie,Off-White,Japan,819,418,49
231111M166008,Carhartt Work In Progress,Backpack,Brown,China,209,132,37
231803M191000,Our Legacy,Trousers,Black,Portugal,500,405,19
231402M23,New Balance,Sneakers,White,China,244,132,46
231546M170001,BAPE,Bag,Gray,China,200,180,10
returned.,Versace,Ring,Gold,Italy,630,227,64
231553M213046,Jacquemus,T-Shirt,Beige,Portugal,200,128,36
231129M236001,Acne Studios,Sneakers,Black,China,624,481,23
231730M163000,Bao Bao Issey Miyake,Holder,Black,Japan,285,120,58
231546M202022,BAPE,Hoodie,Black,Japan,564,412,27
231553M140001,Jacquemus,Hat,Black,Bulgaria,170,153,10
231886M236002,AMIRI,Sneakers,White,China,1055,760,28
231546M202033,BAPE,Hoodie,Green,Japan,565,396,30
231404M220013,Versace,Socks,Green,Italy,155,101,35
231553M170006,Jacquemus,Bag,Brown,Turkey,754,536,29
231546M213171,BAPE,T-Shirt,Black,Japan,165,147,11
212259M237114,Alexander McQueen,Sneakers,White,Italy,720,324,55
231376M148002,Burberry,Ring,Beige,Italy,620,248,60
231451M134066,Gucci,Sunglasses,Tortoiseshell,Italy,700,357,49
231376M213008,Burberry,T-Shirt,White,Portugal,1150,529,54
231773M234001,Suicoke,Sandals,Gray,China,395,186,53
222802M231008,The North Face,Mules,Green,Viet Nam,100,44,56
231828M202018,Stone Island,Hoodie,Black,Tunisia,439,224,49
231138M236006,Y-3,Sneakers,Black,China,614,381,38
231111M191022,Carhartt Work In Progress,Trousers,Black,Tunisia,229,124,46
231828M204002,Stone Island,Sweatshirt,Gray,Moldova,479,283,41
231168M204014,Maison Margiela,Hoodie,Black,Italy,1464,952,35
231546M213147,BAPE,T-Shirt,White,China,165,137,17
231821M190034,NEEDLES,Pants,Blue,Japan,484,291,40
231729M191081,Homme Plissé Issey Miyake,Trousers,Purple,Philippines,710,355,50
231828M188020,Stone Island,Pants,Purple,Indonesia,640,282,56
231600M186016,Isabel Marant,Trousers,Black,Tunisia,475,323,32
231482M204003,AMI Alexandre Mattiussi,Sweatshirt,Navy,Portugal,480,288,40
231451M134064,Gucci,Sunglasses,Green,Italy,700,378,46
222404M234000,Versace,Slides,Tan,Italy,540,238,56
231376M150001,Burberry,Scarf,Gray,United Kingdom,844,414,51
231161M202044,Essentials,Jacket,Yellow,Viet Nam,360,270,25
231677M134040,Loewe,Sunglasses,Orange,Italy,724,384,47
231546M23705,BAPE,Sneakers,Blue,China,459,276,40
231828M213015,Stone Island,T-Shirt,Black,Turkey,455,364,20
231129M177016,Acne Studios,Jacket,Black,Italy,694,535,23
231553M139004,Jacquemus,Cap,Khaki,China,139,81,42
231111M188027,Carhartt Work In Progress,Pants,Khaki,Tunisia,210,164,22
231802M180013,The North Face,Jacket,Black,El Salvador,265,167,37
231546M202037,BAPE,Hoodie,Purple,China,460,327,29
231168M164066,Maison Margiela,Wallet,Beige,Italy,754,513,32
231389M213041,Maison Kitsuné,T-Shirt,Black,Portugal,190,116,39
231389M202019,Maison Kitsuné,Hoodie,Black,Portugal,400,188,53
231353M190000,Stüssy,Sweatpants,Black,Viet Nam,270,111,59
231677M134047,Loewe,Sunglasses,Black,Italy,715,329,54
231020M134000,Marine Serre,Sunglasses,Black,France,475,333,30
231553M202008,Jacquemus,Hoodie,Orange,Portugal,370,200,46
231729M191062,Homme Plissé Issey Miyake,Trousers,Beige,Japan,709,433,39
231646M231001,LEMAIRE,Slippers,Black,Portugal,865,692,20
231646M192017,LEMAIRE,Shirt,Black,Hungary,905,670,26
231546M237013,BAPE,Sneakers,White,China,480,264,45
231821M190003,NEEDLES,Pants,Beige,Japan,445,214,52
231168M204003,Maison Margiela,Hoodie,Off-White,Italy,1279,819,36
231553M170011,Jacquemus,Bag,Black,Turkey,800,536,33
231546M190015,BAPE,Sweatpants,Gray,Japan,469,263,44
231892M213020,Martine Rose,T-Shirt,Black,Portugal,179,124,31
231404M163012,Versace,Holder,Copper,Italy,440,220,50
231546M188002,BAPE,Pants,Beige,China,420,290,31
231546M237020,BAPE,Sneakers,Multicolored,China,490,260,47
231260M202021,ERL,Hoodie,Green,Turkey,409,164,60
222376M150077,Burberry,Scarf,Green,Italy,511,230,55
231039M202004,ADER error,Hoodie,Black,South Korea,580,244,58
231546M202014,BAPE,Hoodie,Green,Japan,565,396,30
231476M213010,Valentino,T-Shirt,Green,Italy,875,490,44
231161M185005,Essentials,Vest,Purple,China,200,150,25
231482M234002,AMI Alexandre Mattiussi,Slides,Off-White,Viet Nam,259,127,51
231802M18011,The North Face,Jacket,Blue,Indonesia,594,345,42
221399M22502,Dr. Martens,Boots,Black,Bangladesh,260,117,55
231546M213072,BAPE,T-Shirt,White,Japan,165,137,17
231553M220020,Jacquemus,Socks,Navy,Portugal,69,48,31
231389M204005,Maison Kitsuné,Sweatshirt,Gray,Portugal,330,139,58
231249M191063,Jil Sander,Trousers,Navy,Italy,1294,984,24
231161M212002,Essentials,Polo,Purple,China,180,135,25
231886M237014,AMIRI,Mules,Black,China,944,463,51
231451M134061,Gucci,Sunglasses,Tortoiseshell,Italy,700,350,50
231828M204005,Stone Island,Sweatshirt,White,Turkey,480,360,25
231546M192000,BAPE,Shirt,Multicolor,China,455,273,40
231799M237014,Converse,Sneakers,White,Viet Nam,130,91,30
231600M139008,Isabel Marant,Cap,Black,China,300,177,41
231039M213018,ADER error,T-Shirt,Black,South Korea,225,113,50
231546M188000,BAPE,Pants,Navy,China,420,307,27
231232M213061,Rick Owens,T-Shirt,Pink,Italy,474,223,53
231729M191043,Homme Plissé Issey Miyake,Trousers,Black,Philippines,505,354,30
231451M134062,Gucci,Sunglasses,Black,Italy,700,364,48
231404M220011,Versace,Socks,Black,Italy,154,116,25
231967M213040,Heron Preston,T-Shirt,Gray,Portugal,443,182,59
231677M134030,Loewe,Sunglasses,Black,Italy,694,375,46
231730M170004,Bao Bao Issey Miyake,Bag,Black,Japan,1064,788,26
231729M202023,Homme Plissé Issey Miyake,Cardigan,Black,Philippines,854,581,32
231803M192003,Our Legacy,Shirt,Black,Portugal,389,269,31
231402M23717,New Balance,Sneakers,White,Viet Nam,200,128,36
231600M213013,Isabel Marant,T-Shirt,White,Portugal,240,144,40
231802M180120,The North Face,Jacket,Beige,Viet Nam,589,289,51
231810M202012,Praying,Hoodie,Multicolored,China,294,171,42
231677M134044,Loewe,Sunglasses,Brown,Italy,710,341,52
222014M178019,Canada Goose,Jacket,Black,Canada,2340,1638,30
231389M213026,Maison Kitsuné,Sweatshirt,Off-White,Portugal,319,134,58
231546M213051,BAPE,T-Shirt,Black,Japan,165,137,17
231404M213030,Versace,T-Shirt,Black,Tunisia,780,546,30
231600M147001,Isabel Marant,Ring,Silver,France,286,123,57
231802M185017,The North Face,Vest,Khaki,El Salvador,304,125,59
231893M186022,Y/Project,Jeans,Multicolored,Portugal,769,331,57
231404M145005,Versace,Necklace,Gold,Italy,884,389,56
231546M213126,BAPE,T-Shirt,Black,China,145,125,14
231828M202004,Stone Island,Hoodie,White,Romania,555,400,28
231111M202009,Carhartt Work In Progress,Hoodie,Black,Bangladesh,170,94,45
231546M237006,BAPE,Sneakers,Gray,China,450,279,38
222546M213131,BAPE,T-Shirt,Black,China,205,144,30
222546M204007,BAPE,Sweatshirt,Black,China,443,182,59
231546M213199,BAPE,T-Shirt,Green,China,319,246,23
231948M192015,WACKO MARIA,Shirt,Black,Japan,745,328,56
222342M134053,Balenciaga,Sunglasses,Red,Italy,650,585,10
231129M155000,Acne Studios,Case,Black,China,389,347,11
231821M190006,NEEDLES,Pants,Black,Japan,446,223,50
231828M180047,Stone Island,Jacket,Gray,Tunisia,740,348,53
231168M164015,Maison Margiela,Wallet,Taupe,Italy,685,432,37
231188M170047,MM6 Maison Margiela,Tote,Black,Italy,525,336,36
231553M192019,Jacquemus,Shirt,Red,Portugal,546,273,50
231600M145032,Isabel Marant,Necklace,Black,Poland,260,120,54
231886M208002,AMIRI,Shorts,Black,Turkey,759,357,53
222546M13900,BAPE,Cap,Beige,China,219,103,53
231821M190004,NEEDLES,Pants,Gray,Japan,444,218,51
222129M204013,Acne Studios,Sweatshirt,Blue,Portugal,330,271,18
231039M213027,ADER error,T-Shirt,Yellow,South Korea,200,108,46
231353M188002,Stüssy,Pants,Black,Turkey,325,205,37
222376M164024,Burberry,Wallet,Black,Italy,564,480,15
231546M190008,BAPE,Pants,Red,China,434,274,37
231553M140016,Jacquemus,Hat,Khaki,China,165,91,45
231803M225002,Our Legacy,Derbys,Black,Portugal,575,512,11
231600M204013,Isabel Marant,Sweatshirt,Black,Portugal,475,247,48
222546M237018,BAPE,Sneakers,Red,China,450,198,56
231730M166000,Bao Bao Issey Miyake,Backpack,Black,Japan,1779,854,52
231553M170003,Jacquemus,Pouch,Tan,Italy,800,568,29
231600M204017,Isabel Marant,Sweatshirt,Black,Portugal,474,223,53
231729M191026,Homme Plissé Issey Miyake,Trousers,Black,Philippines,664,452,32
231404M142014,Versace,Bracelet,Gold,Italy,630,435,31
231553M192020,Jacquemus,Shirt,White,Portugal,475,342,28
231168M163009,Maison Margiela,Holder,Gray,Italy,444,218,51
231168M204006,Maison Margiela,Sweatshirt,Blue,Italy,1095,668,39
222353M191001,Stüssy,Trousers,Black,Turkey,230,127,45
231828M202013,Stone Island,Hoodie,Gray,Turkey,620,558,10
231553M192013,Jacquemus,Shirt,Beige,Portugal,555,250,55
222376M163029,Burberry,Holder,Black,Italy,395,273,31
231404M193002,Versace,Shorts,Black,Italy,1825,1077,41
231553M139006,Jacquemus,Cap,Yellow,China,140,63,55
231111M166009,Carhartt Work In Progress,Backpack,Blue,China,165,76,54
231111M166011,Carhartt Work In Progress,Backpack,Black,China,165,99,40
231111M166010,Carhartt Work In Progress,Backpack,Brown,China,164,92,44
231467M188002,Nanamica,Pants,Khaki,China,529,355,33
222142M163003,ZEGNA,Holder,Off-White,Italy,514,386,25
231600M202005,Isabel Marant,Hoodie,Pink,Portugal,634,260,59
231129M169002,Acne Studios,Tote,Black,China,680,320,53
231553M202010,Jacquemus,Hoodie,Green,Portugal,619,409,34
231828M190000,Stone Island,Pants,Black,Romania,534,417,22
231168M186019,Maison Margiela,Jeans,Black,Italy,1094,810,26
231381M134043,AKILA,Sunglasses,Tortoiseshell,China,295,177,40
231552M237012,CAMPERLAB,Boots,Black,Viet Nam,390,172,56
231546M170002,BAPE,Bag,Blue,China,200,158,21
231039M213016,ADER error,T-Shirt,Black,South Korea,225,90,60
231404M147000,Versace,Ring,Gold,Italy,630,290,54
231451M134057,Gucci,Sunglasses,Black,Italy,734,360,51
231729M202014,Homme Plissé Issey Miyake,Hoodie,Black,Japan,820,476,42
222546M237016,BAPE,Sneakers,Navy,China,451,221,51
231546M193010,BAPE,Shorts,Gray,Japan,404,360,11
231168M213008,Maison Margiela,T-Shirt,Khaki,Turkey,555,322,42
231546M213104,BAPE,T-Shirt,Green,Viet Nam,145,131,10
231600M204009,Isabel Marant,Sweatshirt,Gray,Portugal,520,260,50
231546M213122,BAPE,T-Shirt,White,China,145,131,10
231546M202032,BAPE,Hoodie,Blue,China,724,529,27
231111M188007,Carhartt Work In Progress,Trousers,Black,Tunisia,285,228,20
231799M237032,Converse,Sneakers,Black,Viet Nam,215,155,28
231161M202042,Essentials,Jacket,Gray,Viet Nam,154,116,25
231546M213112,BAPE,T-Shirt,Blue,China,145,131,10
231546M213055,BAPE,T-Shirt,Black,Japan,164,125,24
231837M237054,Salomon,Sneakers,Black,China,340,279,18
231546M139010,BAPE,Cap,Black,Viet Nam,160,133,17
231188M190000,MM6 Maison Margiela,Sweatpants,Black,Portugal,685,329,52
231828M202007,Stone Island,Hoodie,Gray,Romania,555,433,22
231381M134046,AKILA,Sunglasses,Black,China,295,192,35
231553M139008,Jacquemus,Cap,Purple,China,139,67,52
231937M213017,MISBHV,Top,Black,Poland,340,211,38
222003M164019,Dolce & Gabbana,Wallet,Black,Italy,434,265,39
231677M134007,Loewe,Sunglasses,Black,Italy,725,341,53
231553M202007,Jacquemus,Hoodie,Purple,Portugal,375,225,40
231381M134024,AKILA,Sunglasses,Black,China,235,141,40
231828M204010,Stone Island,Sweatshirt,Green,Bulgaria,480,274,43
231353M190005,Stüssy,Sweatpants,Taupe,Viet Nam,250,115,54
231404M213008,Versace,T-Shirt,Black,Albania,475,385,19
231729M205005,Homme Plissé Issey Miyake,Turtleneck,Black,Philippines,475,295,38
231729M19105,Homme Plissé Issey Miyake,Trousers,Black,Philippines,610,299,51
231844M237004,YUME YUME,Sneakers,Multicolored,Japan,494,356,28
231553M208003,Jacquemus,Shorts,Yellow,Portugal,309,167,46
231546M213074,BAPE,T-Shirt,Black,China,165,137,17
231168M147000,Maison Margiela,Ring,Gold,Italy,450,306,32
231404M192039,Versace,Shirt,Black,Italy,2664,1519,43
231546M237044,BAPE,Sneakers,Purple,China,514,345,33
231389M202022,Maison Kitsuné,Hoodie,Black,Portugal,339,173,49
231546M202034,BAPE,Hoodie,Black,China,459,414,10
222404M145009,Versace,Necklace,Gold,Italy,780,390,50
231546M213039,BAPE,T-Shirt,Purple,China,220,198,10
231168M237062,Maison Margiela,Sneakers,White,Italy,1059,604,43
231553M192031,Jacquemus,Shirt,Yellow,Portugal,490,309,37
231381M134045,AKILA,Sunglasses,Gray,China,295,177,40
231389M212004,Maison Kitsuné,Polo,White,Portugal,170,104,39
231387M170014,Kenzo,Bag,Black,China,590,307,48
222088M186011,Ksubi,Jeans,White,China,375,244,35
231553M139005,Jacquemus,Cap,Orange,China,140,69,51
231251M213048,Balmain,T-Shirt,Black,Italy,513,221,57
231278M13,Givenchy,Sunglasses,Black,China,451,203,55
231476M213009,Valentino,T-Shirt,Black,Italy,874,481,45
231553M208000,Jacquemus,Shorts,Orange,Portugal,309,164,47
231168M237057,Maison Margiela,Espadrilles,White,Spain,800,520,35
231376M150005,Burberry,Scarf,Blue,United Kingdom,859,378,56
231553M192057,Jacquemus,Shirt,White,Portugal,459,285,38
231482M204030,AMI Alexandre Mattiussi,Sweatshirt,Multicolored,Portugal,500,315,37
231168M177000,Maison Margiela,Jacket,Indigo,Italy,1559,1154,26
231828M213005,Stone Island,T-Shirt,Black,Turkey,325,244,25
222886M186057,AMIRI,Jeans,Blue,United States,1331,599,55
231482M204031,AMI Alexandre Mattiussi,Sweatshirt,Multicolored,Portugal,500,300,40
231379M213023,Marni,T-Shirt,White,Portugal,545,458,16
231546M202009,BAPE,Hoodie,Navy,Japan,544,365,33
231828M204008,Stone Island,Sweatshirt,Purple,Moldova,480,264,45
231357M188000,C.P. Company,Pants,Khaki,Tunisia,470,193,59
231168M237000,Maison Margiela,Sneakers,White,Italy,1009,444,56
231376M213051,Burberry,T-Shirt,Pink,Italy,1089,501,54
231482M213024,AMI Alexandre Mattiussi,T-Shirt,White,Portugal,270,243,10
231307M237032,Axel Arigato,Sneakers,Black,Portugal,429,245,43
231729M213028,Homme Plissé Issey Miyake,T-Shirt,Gray,Japan,345,190,45
231389M204010,Maison Kitsuné,Sweatshirt,Navy,Portugal,320,157,51
231404M213022,Versace,T-Shirt,Blue,Tunisia,580,232,60
231677M133006,Loewe,Glasses,Black,Italy,579,313,46
231402M2370,New Balance,Sneakers,Gray,Viet Nam,140,80,43
231161M180038,Essentials,Jacket,Purple,Viet Nam,154,116,25
231546M213012,BAPE,T-Shirt,Blue,China,255,194,24
231704M213037,Wooyoungmi,T-Shirt,Navy,South Korea,370,215,42
231402M237026,New Balance,Sneakers,Navy,Indonesia,155,98,37
231553M145000,Jacquemus,Necklace,Gold,Italy,245,162,34
231404M213031,Versace,T-Shirt,Blue,Tunisia,980,490,50
231782M202008,Fear of God,Hoodie,Taupe,United States,1229,590,52
231546M202025,BAPE,Hoodie,Off-White,Japan,529,408,23
231646M200003,LEMAIRE,Cardigan,Gray,Portugal,595,482,19
231482M213017,AMI Alexandre Mattiussi,T-Shirt,Black,Portugal,230,191,17
222376M164023,Burberry,Wallet,Black,Moldova,439,334,24
231600M139013,Isabel Marant,Cap,Beige,Bulgaria,300,270,10
231546M191001,BAPE,Trousers,Black,Japan,400,240,40
231546M237045,BAPE,Sneakers,White,China,500,330,34
221399M225085,Dr. Martens,Boots,Black,China,294,165,44
231481M142016,Hatton Labs,Bracelet,Multicolored,Italy,490,348,29
231803M186009,Our Legacy,Jeans,Blue,Portugal,569,359,37
231482M204012,AMI Alexandre Mattiussi,Sweatshirt,Navy,Portugal,479,206,57
231640M231008,Eytys,Loafers,White,Portugal,809,599,26
231039M213022,ADER error,T-Shirt,Beige,South Korea,220,95,57
231138M188004,Y-3,Pants,Black,Indonesia,580,360,38
231546M213010,BAPE,T-Shirt,Blue,China,230,175,24
231546M237007,BAPE,Sneakers,Orange,China,525,273,48
221259M237040,Alexander McQueen,Plimsoll,White,Italy,719,338,53
231111M180028,Carhartt Work In Progress,Jacket,Tan,Cambodia,634,279,56
231600M145034,Isabel Marant,Necklace,Silver,Poland,210,103,51
211376M234011,Burberry,Sandals,Multicolored,China,670,322,52
231129M213051,Acne Studios,T-Shirt,Off-White,Portugal,359,223,38
231358M213055,Dries Van Noten,T-Shirt,Black,Turkey,495,238,52
231546M213044,BAPE,T-Shirt,White,China,200,180,10
231202M212012,Versace Jeans Couture,Polo,Black,Turkey,389,187,52
231015M204000,Mackage,Sweatshirt,Black,China,459,184,60
231546M139003,BAPE,Cap,Khaki,Japan,180,103,43
231802M180121,The North Face,Jacket,Black,Bangladesh,710,398,44
222342M133012,Balenciaga,Glasses,Black,Italy,544,474,13
231376M234015,Burberry,Slides,Brown,Italy,1150,610,47
231482M202022,AMI Alexandre Mattiussi,Hoodie,Navy,Portugal,534,262,51
231803M192001,Our Legacy,Shirt,Black,Portugal,389,257,34
231108M202011,ICECREAM,Hoodie,Black,China,180,99,45
231546M202004,BAPE,Hoodie,Gray,China,459,248,46
231729M191025,Homme Plissé Issey Miyake,Trousers,Navy,Philippines,665,665,0
231129M163009,Acne Studios,Holder,Gray,Italy,325,192,41
231551M237047,Miharayasuhiro,Sneakers,Black,China,660,383,42
231402M237174,New Balance,Sneakers,White,Viet Nam,200,114,43
222129M201019,Acne Studios,Sweater,Pink,China,415,266,36
231546M213149,BAPE,T-Shirt,Black,China,165,137,17
231168M163033,Maison Margiela,Holder,Taupe,Italy,575,334,42
231954M237008,AUTRY,Sneakers,Red,Indonesia,404,178,56
222088M192004,Ksubi,Shirt,Black,China,370,226,39
231546M193022,BAPE,Shorts,Green,China,310,270,13
231467M200001,Nanamica,Cardigan,Navy,China,490,314,36
231729M213019,Homme Plissé Issey Miyake,T-Shirt,Brown,Philippines,704,296,58
231307M237102,Axel Arigato,Sneakers,White,Portugal,459,225,51
231803M192002,Our Legacy,Shirt,White,Portugal,390,199,49
231129M202011,Acne Studios,Hoodie,Yellow,Portugal,644,277,57
231376M237008,Burberry,Sneakers,Multicolor,Italy,1290,555,57
231730M172021,Bao Bao Issey Miyake,Tote,Gray,Japan,1290,568,56
231600M204010,Isabel Marant,Sweatshirt,Orange,Portugal,520,234,55
231553M208001,Jacquemus,Shorts,Multicolor,Portugal,309,167,46
231467M191015,Nanamica,Pants,Black,Japan,410,320,22
231546M191004,BAPE,Trousers,Navy,China,435,309,29
231168M163026,Maison Margiela,Holder,Blue,Italy,490,319,35
231553M134014,Jacquemus,Sunglasses,Beige,China,539,286,47
231821M192010,NEEDLES,Shirt,Black,Japan,444,200,55
231553M170001,Jacquemus,Pouch,Khaki,Italy,750,488,35
231161M180011,Essentials,Jacket,Purple,China,340,255,25
231553M140014,Jacquemus,Hat,Black,China,155,118,24
231828M192014,Stone Island,Shirt,Taupe,Romania,740,348,53
231126M213002,Rick Owens DRKSHDW,T-Shirt,Black,Italy,344,307,11
231476M213015,Valentino,T-Shirt,Black,Italy,875,429,51
222404M145020,Versace,Necklace,Gold,Italy,519,322,38
231677M134042,Loewe,Sunglasses,Beige,Italy,710,327,54
231546M213008,BAPE,T-Shirt,Gray,China,215,194,10
231553M208012,Jacquemus,Shorts,Navy,Portugal,309,164,47
231729M202010,Homme Plissé Issey Miyake,Cardigan,Black,Philippines,850,519,39
231893M186019,Y/Project,Jeans,Blue,Portugal,604,405,33
231799M23,Converse,Sneakers,Black,Viet Nam,155,109,30
231221M231002,Solid Homme,Loafers,Black,South Korea,585,328,44
231821M190025,NEEDLES,Pants,Pink,Japan,425,187,56
231482M213021,AMI Alexandre Mattiussi,T-Shirt,Navy,Portugal,240,178,26
231729M192010,Homme Plissé Issey Miyake,Shirt,Black,Philippines,755,393,48
222546M175004,BAPE,Jacket,Purple,China,1680,1042,38
231782M212002,Fear of God,Polo,Beige,United States,800,384,52
231020M213008,Marine Serre,T-Shirt,Black,France,395,316,20
222129M171012,Acne Studios,Pouch,Black,China,174,124,29
231803M193001,Our Legacy,Shorts,Beige,Portugal,520,364,30
231168M237008,Maison Margiela,Sneakers,Tan,Viet Nam,1050,588,44
231546M193024,BAPE,Shorts,Black,Japan,310,264,15
231482M192008,AMI Alexandre Mattiussi,Shirt,Blue,Poland,430,387,10
231111M191019,Carhartt Work In Progress,Trousers,Brown,Tunisia,194,113,42
231546M213219,BAPE,T-Shirt,Orange,China,254,214,16
222376M135002,Burberry,Gloves,Black,United Kingdom,315,145,54
231547M193008,AAPE by A Bathing Ape,Shorts,Black,China,200,130,35
231729M19109,Homme Plissé Issey Miyake,Trousers,Black,Japan,809,437,46
231219M236,Sky High Farm Workwear,Sneakers,White,Viet Nam,269,167,38
231799M23604,Converse,Sneakers,Blue,Viet Nam,155,109,30
231828M188015,Stone Island,Pants,Black,Viet Nam,575,449,22
231129M177014,Acne Studios,Jacket,Blue,Italy,745,589,21
231476M213014,Valentino,T-Shirt,Gray,Italy,874,376,57
231695M139009,Palm Angels,Cap,Black,China,410,271,34
231553M150003,Jacquemus,Scarf,Navy,Italy,280,115,59
222129M170004,Acne Studios,Tote,Black,China,460,281,39
231376M150002,Burberry,Scarf,Brown,United Kingdom,844,363,57
231729M192009,Homme Plissé Issey Miyake,Shirt,Gray,Philippines,729,445,39
231249M213000,Jil Sander,T-Shirt,White,Italy,670,402,40
231446M202017,Sporty & Rich,Sweater,Black,United States,344,231,33
231161M139001,Essentials,Cap,Off-White,China,120,90,25
231821M190026,NEEDLES,Pants,Green,Japan,426,196,54
231553M171001,Jacquemus,Wallet,Black,Spain,360,191,47
231168M234008,Maison Margiela,Slides,Black,Italy,650,442,32
231803M200006,Our Legacy,Cardigan,Gray,Portugal,580,418,28
231729M191035,Homme Plissé Issey Miyake,Trousers,Beige,Philippines,600,360,40
231677M134043,Loewe,Sunglasses,Black,Italy,724,355,51
231138M192003,Y-3,Shirt,Black,China,495,332,33
231821M190023,NEEDLES,Sweatpants,Green,Japan,424,208,51
231730M172007,Bao Bao Issey Miyake,Tote,Black,Japan,1019,459,55
231553M186007,Jacquemus,Jeans,Beige,Portugal,510,296,42
231039M213013,ADER error,T-Shirt,White,South Korea,265,125,53
222129M202026,Acne Studios,Hoodie,Pink,Portugal,414,286,31
231168M213014,Maison Margiela,T-Shirt,Black,Turkey,555,333,40
231553M212000,Jacquemus,Polo,Off-White,Italy,725,544,25
231553M202003,Jacquemus,Hoodie,Purple,Portugal,390,168,57
231729M191031,Homme Plissé Issey Miyake,Trousers,Navy,Philippines,694,375,46
231553M202002,Jacquemus,Hoodie,Khaki,Portugal,444,218,51
222129M202004,Acne Studios,Hoodie,Green,Portugal,394,205,48
231168M164008,Maison Margiela,Wallet,Silver,Italy,615,326,47
231553M134021,Jacquemus,Sunglasses,Tortoiseshell,China,566,283,50
231404M213032,Versace,T-Shirt,White,Tunisia,780,398,49
231782M204001,Fear of God,Sweatshirt,Black,United States,919,414,55
231729M195012,Homme Plissé Issey Miyake,Blazer,Black,Philippines,1434,674,53
231381M134049,AKILA,Sunglasses,Tortoiseshell,China,235,141,40
231553M208005,Jacquemus,Shorts,Black,Portugal,309,198,36
231546M212003,BAPE,Polo,Green,China,289,258,11
231749M23702,Reebok Classics,Sneakers,White,Viet Nam,155,115,26
231600M145001,Isabel Marant,Necklace,White,Poland,229,156,32
231020M202003,Marine Serre,Sweater,Black,Turkey,440,229,48
231168M237034,Maison Margiela,Sneakers,Black,Italy,1305,718,45
231821M190013,NEEDLES,Sweatpants,Black,Japan,384,169,56
231828M193003,Stone Island,Shorts,Gray,Romania,455,369,19
231553M140006,Jacquemus,Hat,Red,Bulgaria,170,111,35
231546M193021,BAPE,Shorts,Blue,China,310,270,13
231600M204019,Isabel Marant,Sweatshirt,Gray,Portugal,476,238,50
231204M255000,ROA,Boots,Taupe,China,545,229,58
231802M180015,The North Face,Jacket,Black,Jordan,290,160,45
231168M213011,Maison Margiela,T-Shirt,White,Romania,684,452,34
231168M191006,Maison Margiela,Trousers,Navy,Italy,1265,620,51
231886M237004,AMIRI,Sneakers,White,Viet Nam,1125,765,32
231729M191042,Homme Plissé Issey Miyake,Trousers,Gray,Philippines,739,525,29
231600M204015,Isabel Marant,Sweatshirt,Gray,Portugal,475,252,47
231803M186008,Our Legacy,Jeans,Off-White,Italy,600,408,32
222802M178033,The North Face,Coat,Black,Viet Nam,500,290,42
231402M237207,New Balance,Sneakers,White,Viet Nam,239,182,24
231828M190004,Stone Island,Pants,Navy,Romania,534,417,22
231553M140003,Jacquemus,Hat,Khaki,Bulgaria,174,110,37
231546M202010,BAPE,Hoodie,Red,Japan,545,382,30
231482M201018,AMI Alexandre Mattiussi,Sweater,Off-White,Portugal,469,249,47
231600M142006,Isabel Marant,Bracelet,White,Poland,174,117,33
231803M186001,Our Legacy,Jeans,Gray,Turkey,569,279,51
222546M139000,BAPE,Cap,Green,China,220,99,55
231168M204004,Maison Margiela,Hoodie,Black,Italy,1279,870,32
231799M236048,Converse,Sneakers,Blue,Viet Nam,155,109,30
231546M237040,BAPE,Sneakers,Black,China,514,345,33
231129M202022,Acne Studios,Hoodie,Green,Portugal,760,464,39
231782M202001,Fear of God,Hoodie,Black,United States,1255,615,51
231553M140005,Jacquemus,Hat,Yellow,Bulgaria,179,106,41
222014M178006,Canada Goose,Vest,Black,Canada,1000,700,30
231729M191033,Homme Plissé Issey Miyake,Trousers,Black,Philippines,674,344,49
222129M237010,Acne Studios,Sneakers,White,China,414,261,37
231553M202001,Jacquemus,Sweatshirt,Beige,Portugal,445,196,56
222088M186018,Ksubi,Jeans,Blue,China,404,251,38
231886M236001,AMIRI,Sneakers,Black,China,864,510,41
231138M213001,Y-3,T-Shirt,Black,Thailand,264,140,47
231802M185012,The North Face,Vest,Black,India,250,170,32
231828M21200,Stone Island,Polo,White,Turkey,309,226,27
231404M234002,Versace,Slides,Green,Italy,760,327,57
231600M202013,Isabel Marant,Hoodie,Beige,Portugal,600,330,45
231039M202005,ADER error,Hoodie,Gray,South Korea,579,336,42
231729M191067,Homme Plissé Issey Miyake,Trousers,Khaki,Philippines,669,422,37
222376M213031,Burberry,T-Shirt,Black,Portugal,825,685,17
231232M147000,Rick Owens,Ring,Silver,Italy,500,330,34
231695M213035,Palm Angels,T-Shirt,Off-White,Portugal,575,483,16
222546M190001,BAPE,Pants,Black,China,409,164,60
231729M191085,Homme Plissé Issey Miyake,Trousers,Black,Philippines,674,398,41
231161M204005,Essentials,Sweatshirt,Purple,China,145,109,25
231161M139002,Essentials,Cap,Taupe,China,120,90,25
231704M213021,Wooyoungmi,T-Shirt,Gray,South Korea,460,198,57
222546M139008,BAPE,Cap,Black,China,186,80,57
231553M134012,Jacquemus,Sunglasses,Black,China,555,300,46
222353M191002,Stüssy,Trousers,Navy,Turkey,230,127,45
231404M145012,Versace,Necklace,Gold,Italy,965,676,30
231482M234001,AMI Alexandre Mattiussi,Slides,Black,Viet Nam,260,125,52
231126M190022,Rick Owens DRKSHDW,Pants,Black,Italy,690,518,25
231803M180000,Our Legacy,Jacket,Black,Portugal,364,281,23
231546M213050,BAPE,T-Shirt,White,Japan,165,137,17
231967M193012,Heron Preston,Shorts,Black,Portugal,700,567,19
231387M193001,Kenzo,Shorts,Black,Portugal,540,238,56
231799M237011,Converse,Sneakers,Yellow,Viet Nam,155,109,30
231111M191000,Carhartt Work In Progress,Trousers,Brown,Tunisia,159,91,43
222088M192003,Ksubi,Shirt,Blue,China,304,207,32
231553M212001,Jacquemus,Polo,Yellow,Italy,800,336,58
231138M208001,Y-3,Shorts,Black,Indonesia,265,186,30
231729M191046,Homme Plissé Issey Miyake,Trousers,Red,Japan,715,329,54
231546M153000,BAPE,Pouch,Brown,China,84,66,22
231828M188034,Stone Island,Pants,Blue,Tunisia,554,283,49
222546M213141,BAPE,T-Shirt,White,Japan,154,113,27
231677M134038,Loewe,Sunglasses,White,Italy,709,383,46
231546M180004,BAPE,Jacket,Black,China,650,442,32
231546M201010,BAPE,Sweatshirt,Brown,China,425,187,56
231695M234008,Palm Angels,Slides,Blue,Italy,239,211,12
231358M213016,Dries Van Noten,T-Shirt,Black,Turkey,276,138,50
231967M213020,Heron Preston,T-Shirt,Black,Portugal,559,459,18
231546M237038,BAPE,Sneakers,Beige,China,500,295,41
231552M237000,CAMPERLAB,Sneakers,White,Viet Nam,450,311,31
231039M213025,ADER error,T-Shirt,White,South Korea,346,173,50
231802M178001,The North Face,Jacket,Blue,Bangladesh,685,336,51
231802M190011,The North Face,Pants,Black,El Salvador,190,135,29
231600M142027,Isabel Marant,Bracelet,Black,Poland,175,158,10
231467M188004,Nanamica,Pants,Black,China,529,307,42
231828M193000,Stone Island,Shorts,White,Moldova,454,359,21
222376M163026,Burberry,Holder,Black,Italy,365,234,36
231729M213005,Homme Plissé Issey Miyake,T-Shirt,Black,Philippines,504,308,39
231389M213030,Maison Kitsuné,T-Shirt,White,Portugal,190,97,49
222404M142003,Versace,Bracelet,Bronze,Italy,659,290,56
231799M23701,Converse,Sneakers,Off-White,Viet Nam,145,102,30
231546M202045,BAPE,Hoodie,Orange,Japan,575,414,28
231168M163022,Maison Margiela,Holder,Yellow,Italy,426,196,54
231376M237004,Burberry,Sneakers,Gray,Italy,1490,596,60
231505M180002,mfpen,Jacket,Brown,Portugal,650,286,56
231600M139009,Isabel Marant,Cap,White,China,300,138,54
231799M237009,Converse,Sneakers,Off-White,Viet Nam,155,109,30
231546M201007,BAPE,Sweatshirt,Green,Japan,454,300,34
231821M191010,NEEDLES,Trousers,Green,Japan,344,162,53
231886M237005,AMIRI,Sneakers,Black,China,1055,707,33
231129M131006,Acne Studios,Belt,Brown,Italy,459,322,30
231553M202021,Jacquemus,Hoodie,Beige,Portugal,300,231,23
231553M148003,Jacquemus,Keychain,Silver,China,111,50,55
231799M236059,Converse,Sneakers,White,Viet Nam,130,91,30
231828M193007,Stone Island,Shorts,Black,Romania,505,404,20
231482M192020,AMI Alexandre Mattiussi,Shirt,Blue,Bulgaria,310,279,10
231600M145033,Isabel Marant,Necklace,Silver,Poland,210,99,53
231357M188004,C.P. Company,Pants,Khaki,Tunisia,469,216,54
231546M237049,BAPE,Boots,Beige,China,604,272,55
231553M208011,Jacquemus,Shorts,Blue,Portugal,310,180,42
231168M164031,Maison Margiela,Wallet,Blue,Italy,615,369,40
231551M237004,Miharayasuhiro,Sneakers,Off-White,China,659,409,38
231695M213036,Palm Angels,T-Shirt,Black,Portugal,575,483,16
231553M192001,Jacquemus,Shirt,Black,Moldova,1110,611,45
231111M191012,Carhartt Work In Progress,Trousers,Brown,Tunisia,209,153,27
231129M237011,Acne Studios,Sneakers,Black,China,490,265,46
231168M131014,Maison Margiela,Belt,Gray,Italy,600,378,37
231546M213159,BAPE,T-Shirt,White,China,145,131,10
231553M134018,Jacquemus,Sunglasses,Black,China,540,324,40
231802M180019,The North Face,Jacket,Black,Bangladesh,460,189,59
222342M133016,Balenciaga,Glasses,Silver,Italy,544,474,13
231729M202015,Homme Plissé Issey Miyake,Hoodie,Red,Japan,819,377,54
231129M236002,Acne Studios,Sneakers,Black,China,540,254,53
231640M237041,Eytys,Sneakers,White,Viet Nam,405,304,25
222404M164004,Versace,Wallet,Black,Italy,600,288,52
231828M204007,Stone Island,Sweatshirt,Gray,Turkey,480,346,28
231168M186006,Maison Margiela,Jeans,Blue,Italy,900,711,21
231803M170000,Our Legacy,Bag,Black,Portugal,580,389,33
231138M193013,Y-3,Shorts,Black,China,580,377,35
222404M131012,Versace,Belt,Reversible,Italy,779,421,46
231802M178008,The North Face,Vest,Black,Bangladesh,354,273,23
221259M237038,Alexander McQueen,Sneakers,Black,Italy,719,403,44
231828M206007,Stone Island,Sweater,Taupe,Italy,575,311,46
231828M213014,Stone Island,Sweatshirt,Navy,Turkey,454,382,16
222677M134012,Loewe,Sunglasses,Burgundy,China,605,327,46
231546M193017,BAPE,Shorts,Gray,Japan,400,340,15
231802M231010,The North Face,Mules,Black,Viet Nam,105,83,21
231729M213024,Homme Plissé Issey Miyake,T-Shirt,Khaki,Philippines,445,245,45
231381M134037,AKILA,Sunglasses,Black,China,235,165,30
231039M213028,ADER error,T-Shirt,White,South Korea,200,102,49
231553M140021,Jacquemus,Hat,Brown,China,165,86,48
231802M138003,The North Face,Beanie,Black,China,45,41,9
231807M236001,Valentino Garavani,Sneakers,White,Italy,1664,699,58
231399M231022,Dr. Martens,Mules,Black,Thailand,240,178,26
231168M237042,Maison Margiela,Sneakers,Black,Italy,1059,625,41
231553M192060,Carlota Barrera,Shirt,Black,Spain,550,281,49
231168M163024,Maison Margiela,Holder,Off-White,Italy,490,304,38
231600M147007,Isabel Marant,Necklace,Silver,Poland,150,98,35
231828M202042,Stone Island,Sweater,Black,Turkey,575,414,28
231802M17800,The North Face,Jacket,Red,Bangladesh,684,301,56
231307M234001,Axel Arigato,Sandals,Green,Viet Nam,235,127,46
231828M202005,Stone Island,Hoodie,Navy,Romania,554,405,27
231546M237046,BAPE,Sneakers,White,China,485,330,32
231546M201008,BAPE,Sweatshirt,Black,Japan,424,225,47
231111M166002,Carhartt Work In Progress,Backpack,Black,Viet Nam,159,107,33
221168M144001,Maison Margiela,Earring,Silver,Italy,384,250,35
231821M190021,NEEDLES,Sweatpants,White,Japan,425,272,36
231802M180117,The North Face,Jacket,Brown,Indonesia,450,275,39
231376M213046,Burberry,T-Shirt,Blue,Portugal,880,572,35
231828M19000,Stone Island,Sweatpants,Gray,Romania,534,385,28
231546M213058,BAPE,T-Shirt,Black,Japan,165,137,17
231821M190018,NEEDLES,Pants,Off-White,Japan,424,259,39
231695M234014,Palm Angels,Slides,White,Italy,279,246,12
231379M213021,Marni,T-Shirt,Purple,Portugal,544,441,19
231553M150016,Jacquemus,Towel,Yellow,Portugal,200,180,10
231546M201002,BAPE,Sweatshirt,Black,China,426,213,50
231546M213079,BAPE,T-Shirt,White,China,164,127,23
231546M213026,BAPE,T-Shirt,Green,Japan,215,185,14
231828M2020,Stone Island,Hoodie,Gray,Romania,555,300,46
231129M163019,Acne Studios,Holder,Grey,Italy,264,156,41
231111M170002,Carhartt Work In Progress,Bag,Black,China,89,77,14
231314M213034,Vivienne Westwood,T-Shirt,Black,Tunisia,695,438,37
231270M131016,Ferragamo,Belt,Black,Italy,625,444,29
231803M231001,Our Legacy,Loafers,Black,Portugal,729,569,22
231729M191034,Homme Plissé Issey Miyake,Trousers,Brown,Philippines,675,466,31
222546M237006,BAPE,Sneakers,White,China,455,319,30
231389M213055,Maison Kitsuné,T-Shirt,White,Portugal,180,103,43
231404M192006,Versace,Shirt,Brown,Italy,2566,1283,50
222404M142005,Versace,Bracelet,Gold,Italy,600,300,50
231111M172004,Carhartt Work In Progress,Tote,Black,China,250,110,56
231802M191001,The North Face,Trousers,Black,Viet Nam,395,237,40
231111M188014,Carhartt Work In Progress,Pants,Brown,Tunisia,215,151,30
231129M201011,Acne Studios,Sweatshirt,Pink,Portugal,565,226,60
231482M192058,AMI Alexandre Mattiussi,Shirt,Blue,Poland,350,294,16
222129M204026,Acne Studios,Sweatshirt,Purple,Portugal,529,307,42
231138M188005,Y-3,Pants,Black,China,706,353,50
222399M223001,Dr. Martens,Boots,Black,China,340,170,50
222404M145012,Versace,Necklace,Gold,Italy,739,303,59
222546M213130,BAPE,T-Shirt,Black,China,205,144,30
231646M192016,LEMAIRE,Shirt,Yellow,Hungary,665,446,33
231886M213002,AMIRI,T-Shirt,White,United States,485,393,19
231802M180000,The North Face,Jacket,Black,Bangladesh,276,138,50
231404M145009,Versace,Necklace,Gold,Italy,1269,622,51
231600M147008,Isabel Marant,Ring,Silver,Philippines,210,116,45
231138M193021,Y-3,Shorts,Black,China,495,342,31
222129M170005,Acne Studios,Tote,Blue,China,480,202,58
222129M170007,Acne Studios,Bag,Blue,China,364,226,38
231129M213034,Acne Studios,T-Shirt,Black,Portugal,360,198,45
231021M13900,R13,Cap,Black,United States,255,133,48
231111M191009,Carhartt Work In Progress,Trousers,Black,Tunisia,169,146,14
231546M21315,BAPE,T-Shirt,Black,Japan,164,120,27
222353M190003,Stüssy,Sweatpants,Gray,Viet Nam,240,132,45
231553M208013,Jacquemus,Shorts,Green,Portugal,310,171,45
231129M236000,Acne Studios,Sneakers,White,Italy,880,537,39
231404M163010,Versace,Holder,Green,Italy,440,198,55
231546M193006,BAPE,Shorts,Tan,Japan,379,277,27
231828M213030,Stone Island,T-Shirt,Black,Tunisia,350,210,40
222342M133001,Balenciaga,Glasses,Silver,Italy,544,474,13
231389M204002,Maison Kitsuné,Sweatshirt,Navy,Portugal,269,140,48
231546M201005,BAPE,Sweatshirt,Gray,China,490,319,35
231646M170042,LEMAIRE,Bag,Tan,Spain,1614,1082,33
231802M178007,The North Face,Jacket,Blue,Bangladesh,609,268,56
231553M170000,Jacquemus,Pouch,Navy,Italy,800,496,38
231799M237013,Converse,Sneakers,White,Viet Nam,135,107,21
231893M213002,Y/Project,T-Shirt,White,Portugal,559,319,43
231828M202006,Stone Island,Hoodie,Black,Romania,555,372,33
231546M237047,BAPE,Sneakers,White,China,490,353,28
231546M190003,BAPE,Sweatpants,Gray,China,379,239,37
231168M23703,Maison Margiela,Sneakers,Khaki,Italy,1434,588,59
231821M190022,NEEDLES,Sweatpants,Pink,Japan,426,196,54
231677M134035,Loewe,Sunglasses,Black,Italy,714,386,46
231729M191053,Homme Plissé Issey Miyake,Trousers,Purple,Philippines,610,366,40
231695M234009,Palm Angels,Slides,Black,Italy,279,246,12
231129M169000,Acne Studios,Bag,Black,China,659,343,48
231967M193014,Heron Preston,Shorts,Black,Italy,575,472,18
231129M186022,Acne Studios,Jeans,Blue,Italy,530,419,21
231389M202021,Maison Kitsuné,Hoodie,Gray,Portugal,370,178,52
231546M213220,BAPE,T-Shirt,Black,China,230,182,21
231702M186025,RTA,Jeans,Blue,United States,814,383,53
231402M236003,New Balance,Sneakers,White,China,245,145,41
231802M178013,The North Face,Jacket,White,Bangladesh,610,360,41
231389M213050,Maison Kitsuné,T-Shirt,Black,Portugal,170,114,33
231307M234000,Axel Arigato,Sandals,Black,Viet Nam,264,180,32
231828M213011,Stone Island,T-Shirt,White,Turkey,285,234,18
231021M172002,R13,Tote,Khaki,United States,634,260,59
231773M234000,Suicoke,Sandals,Black,China,555,239,57
231168M163034,Maison Margiela,Holder,Blue,Italy,574,316,45
231168M237013,Maison Margiela,Sneakers,Tan,Italy,964,550,43
231600M145015,Isabel Marant,Necklace,Silver,Poland,300,210,30
231803M186000,Our Legacy,Jeans,Blue,Portugal,570,479,16
231553M192025,Jacquemus,Shirt,Orange,Portugal,445,445,0
231168M163032,Maison Margiela,Holder,Off-White,Italy,500,290,42
222677M134011,Loewe,Sunglasses,Green,Italy,650,345,47
231600M204003,Isabel Marant,Sweatshirt,Blue,Portugal,544,245,55
222376M131010,Burberry,Belt,Gray,Italy,530,318,40
231546M213054,BAPE,T-Shirt,White,Japan,165,132,20
231138M188006,Y-3,Pants,Black,China,615,406,34
231553M192000,Jacquemus,Shirt,Beige,Bulgaria,825,421,49
222546M140003,BAPE,Hat,Brown,Japan,214,116,46
231266M202001,Brain Dead,Hoodie,Black,Viet Nam,405,243,40
231820M223001,AMBUSH,Boots,Black,Indonesia,730,475,35
231553M140008,Jacquemus,Hat,Brown,Bulgaria,180,130,28
231802M191019,The North Face,Trousers,Black,Bangladesh,304,198,35
231404M213004,Versace,T-Shirt,Navy,Italy,884,389,56
231129M237012,Acne Studios,Sneakers,White,China,490,265,46
221399M225040,Dr. Martens,Boots,Smooth,Thailand,239,122,49
231376M237042,Burberry,Sneakers,Black,Italy,1489,1028,31
231546M237042,BAPE,Sneakers,Black,China,384,196,49
231232M147008,Rick Owens,Ring,Silver,Italy,395,320,19
231729M191066,Homme Plissé Issey Miyake,Trousers,Yellow,Philippines,670,409,39
231138M202000,Y-3,Hoodie,Black,Pakistan,530,345,35
231188M170059,MM6 Maison Margiela,Tote,Black,China,416,208,50
231168M237014,Maison Margiela,Sneakers,Blue,Italy,850,587,31
231729M195006,Homme Plissé Issey Miyake,Blazer,Gray,Philippines,1494,837,44
231729M191083,Homme Plissé Issey Miyake,Trousers,Green,Philippines,674,398,41
231640M237037,Eytys,Sneakers,White,Viet Nam,454,341,25
231802M178004,The North Face,Jacket,Black,Viet Nam,785,322,59
231129M138009,Acne Studios,Beanie,Blue,China,290,183,37
231111M188015,Carhartt Work In Progress,Pants,Black,Tunisia,265,175,34
231803M193000,Our Legacy,Shorts,Black,Portugal,260,182,30
231828M204020,Stone Island,Sweatshirt,Orange,Romania,530,244,54
231704M213001,Wooyoungmi,T-Shirt,Green,South Korea,330,139,58
231803M170001,Our Legacy,Bag,Black,Italy,730,402,45
222129M204034,Acne Studios,Sweatshirt,Pink,Portugal,444,218,51
231108M175005,ICECREAM,Bomber,Gray,China,629,258,59
231357M188037,C.P. Company,Pants,Navy,Romania,600,372,38
231729M191063,Homme Plissé Issey Miyake,Trousers,Green,Japan,709,312,56
231600M193004,Isabel Marant,Shorts,Beige,India,545,300,45
222129M236004,Acne Studios,Sneakers,Black,China,454,291,36
231546M213066,BAPE,T-Shirt,Black,China,165,132,20
231553M163006,Jacquemus,Wallet,Navy,Spain,450,266,41
231828M213001,Stone Island,T-Shirt,Black,Italy,294,212,28
231138M237007,Y-3,Sneakers,Off-White,China,579,342,41
222342M134066,Balenciaga,Sunglasses,Silver,Japan,705,536,24
231802M180087,The North Face,Jacket,Green,Viet Nam,304,198,35
231808M237011,Oakley Factory Team,Sneakers,Black,China,304,198,35
231803M200000,Our Legacy,Cardigan,Black,Portugal,569,353,38
231828M188021,Stone Island,Pants,Black,Indonesia,640,333,48
231387M170008,Kenzo,Bag,Black,Viet Nam,340,160,53
231404M147001,Versace,Ring,Gold,Italy,570,274,52
231404M212017,Versace,Polo,White,Tunisia,980,500,49
231357M188027,C.P. Company,Pants,Green,Romania,505,359,29
231126M193004,Rick Owens DRKSHDW,Shorts,Black,Italy,640,474,26
231553M202022,Jacquemus,Hoodie,Yellow,Portugal,294,174,41
231138M213039,Y-3,T-Shirt,Off-White,Thailand,434,274,37
231730M172008,Bao Bao Issey Miyake,Tote,Beige,Japan,1134,499,56
231967M213005,Heron Preston,T-Shirt,Off-White,Portugal,590,484,18
231138M234001,Y-3,Sandals,White,China,509,326,36
231111M180029,Carhartt Work In Progress,Jacket,Black,Bangladesh,495,243,51
231111M166017,Carhartt Work In Progress,Backpack,Black,China,205,160,22
222376M192022,Burberry,Shirt,Brown,Thailand,859,533,38
231111M139004,Carhartt Work In Progress,Cap,Black,China,80,44,45
231129M213052,Acne Studios,T-Shirt,Red,Portugal,360,252,30
222259M142029,Alexander McQueen,Bracelet,Black,Italy,351,158,55
231111M191031,Carhartt Work In Progress,Trousers,Khaki,Tunisia,205,115,44
231467M192016,Nanamica,Shirt,Navy,China,440,348,21
231828M212000,Stone Island,Polo,Black,Turkey,310,248,20
231168M237016,Maison Margiela,Sneakers,White,Italy,1119,694,38
231168M163004,Maison Margiela,Holder,Silver,Italy,520,312,40
231389M213046,Maison Kitsuné,T-Shirt,White,Portugal,185,102,45
231886M223002,AMIRI,Boots,Black,China,1234,506,59
231249M180035,Jil Sander,Coat,Black,Italy,3200,1408,56
231729M191060,Homme Plissé Issey Miyake,Trousers,Black,Japan,710,355,50
231730M172022,Bao Bao Issey Miyake,Tote,Black,Japan,1195,538,55
231553M140017,Jacquemus,Hat,Orange,China,164,84,49
231546M190000,BAPE,Pants,Black,China,400,228,43
231389M204019,Maison Kitsuné,Sweatshirt,Black,Portugal,330,132,60
231278M134017,Givenchy,Sunglasses,Gold,China,990,436,56
231376M213017,Burberry,T-Shirt,Black,Portugal,1050,735,30
231891M213018,A-COLD-WALL*,T-Shirt,Black,Portugal,474,223,53
231802M178021,The North Face,Jacket,Blue,Indonesia,770,339,56
222003M218000,Dolce & Gabbana,Pants,Black,Moldova,355,316,11
231111M190006,Carhartt Work In Progress,Sweatpants,Gray,Cambodia,204,94,54
231129M190008,Acne Studios,Pants,Black,Portugal,625,500,20
231021M188001,R13,Pants,Green,China,1070,535,50
222129M204012,Acne Studios,Sweatshirt,Green,Portugal,335,201,40
231821M190024,NEEDLES,Pants,Off-White,Japan,425,251,41
231129M171002,Acne Studios,Pouch,Black,China,209,155,26
231886M186046,AMIRI,Jeans,Blue,United States,2089,1421,32
231387M166003,Kenzo,Backpack,Black,Viet Nam,525,289,45
222404M234016,Versace,Slides,Black,Italy,540,308,43
231600M142028,Isabel Marant,Bracelet,Blue,Poland,175,158,10
231111M188023,Carhartt Work In Progress,Pants,Khaki,Tunisia,214,191,11
231111M138004,Carhartt Work In Progress,Beanie,Black,China,59,28,53
231138M213022,Y-3,T-Shirt,Black,Thailand,356,178,50
231828M202055,Stone Island,Sweater,Navy,Turkey,574,431,25
231278M134007,Givenchy,Sunglasses,Black,China,451,221,51
231546M193011,BAPE,Shorts,Blue,Japan,404,360,11
231111M204020,Carhartt Work In Progress,Sweatshirt,Black,Cambodia,280,143,49
231404M144002,Versace,Earrings,Gold,Italy,629,321,49
231828M190002,Stone Island,Sweatpants,Gray,Romania,534,230,57
231232M147001,Rick Owens,Ring,Silver,Italy,394,300,24
231389M204017,Maison Kitsuné,Sweatshirt,Off-White,Portugal,319,134,58
222376M237041,Burberry,Sneakers,Black,Italy,1219,756,38
231695M213050,Palm Angels,T-Shirt,Khaki,Italy,674,560,17
231729M191048,Homme Plissé Issey Miyake,Trousers,Green,Philippines,675,405,40
231600M204020,Isabel Marant,Sweatshirt,Blue,Portugal,474,242,49
231729M191076,Homme Plissé Issey Miyake,Trousers,Blue,Philippines,655,393,40
222129M236003,Acne Studios,Sneakers,White,China,455,378,17
231600M204008,Isabel Marant,Sweatshirt,Black,Portugal,520,234,55
231143M175003,Billionaire Boys Club,Jacket,Blue,China,829,448,46
231803M192023,Our Legacy,Shirt,White,Portugal,580,406,30
231142M134000,ZEGNA,Sunglasses,Black,Italy,614,295,52
231399M231024,Dr. Martens,Mules,Brown,Thailand,219,167,24
222376M192024,Burberry,Shirt,Brown,Thailand,690,511,26
222546M139007,BAPE,Cap,White,China,204,123,40
231546M202012,BAPE,Hoodie,Brown,China,509,306,40
231808M237012,Oakley Factory Team,Sneakers,Multicolored,China,330,172,48
231138M236008,Y-3,Sneakers,Off-White,China,580,244,58
231379M213022,Marni,T-Shirt,Orange,Portugal,544,414,24
231546M202007,BAPE,Hoodie,Black,China,489,284,42
231129M213050,Acne Studios,T-Shirt,Black,Portugal,415,270,35
231389M213056,Maison Kitsuné,T-Shirt,Blue,Portugal,154,99,36
231600M147002,Isabel Marant,Ring,Silver,France,285,140,51
231695M213031,Palm Angels,T-Shirt,Black,Portugal,459,391,15
231546M172002,BAPE,Tote,Green,China,290,218,25
231175M191032,Engineered Garments,Trousers,Multicolored,United States,490,255,48
231138M193000,Y-3,Shorts,Black,Pakistan,354,227,36
231546M23704,BAPE,Sneakers,White,China,386,193,50
231546M213065,BAPE,T-Shirt,Black,China,165,132,20
231168M163008,Maison Margiela,Holder,Taupe,Italy,445,267,40
231357M188002,C.P. Company,Pants,Black,Tunisia,470,221,53
231547M191021,AAPE by A Bathing Ape,Pants,Black,China,245,108,56
231828M191007,Stone Island,Trousers,Beige,Italy,484,247,49
231168M163025,Maison Margiela,Holder,Beige,Italy,490,309,37
231600M204002,Isabel Marant,Sweatshirt,Black,Portugal,544,245,55
231553M140015,Jacquemus,Hat,Beige,China,164,69,58
231168M163037,Maison Margiela,Holder,Taupe,Italy,454,300,34
231546M213080,BAPE,T-Shirt,White,China,165,137,17
231547M193004,AAPE by A Bathing Ape,Shorts,Black,China,200,112,44
231551M237003,Miharayasuhiro,Sneakers,Beige,China,880,370,58
222399M255018,Dr. Martens,Boots,Black,United Kingdom,334,214,36
222014M202015,Canada Goose,Sweater,Navy,Albania,1000,700,30
231389M213009,Maison Kitsuné,T-Shirt,Gray,Portugal,169,88,48
231729M205003,Homme Plissé Issey Miyake,Turtleneck,Gray,Philippines,529,254,52
231546M202003,BAPE,Jacket,Black,Portugal,455,214,53
231546M190007,BAPE,Sweatpants,Navy,Japan,434,226,48
231967M213023,Heron Preston,T-Shirt,Black,Portugal,504,348,31
231188M170048,MM6 Maison Margiela,Tote,Black,Italy,704,331,53
231782M191003,Fear of God,Pants,Black,Italy,1655,662,60
231546M165019,BAPE,Watch,Silver,China,879,607,31
231142M237020,ZEGNA,Sneakers,White,China,879,475,46
231546M237002,BAPE,Sneakers,Green,China,524,257,51
231782M190001,Fear of God,Sweatpants,Black,United States,884,646,27
231138M188012,Y-3,Trousers,Black,China,579,307,47
231828M188032,Stone Island,Pants,White,Romania,555,322,42
231553M208009,Jacquemus,Briefs,Multicolor,Portugal,189,93,51
231402M237154,New Balance,Sneakers,Black,Viet Nam,200,112,44
231729M195016,Homme Plissé Issey Miyake,Blazer,Purple,Philippines,1471,662,55
231249M180015,Jil Sander,Jacket,Black,Italy,1940,1300,33
231553M202006,Jacquemus,Hoodie,Red,Portugal,375,195,48
231111M188037,Carhartt Work In Progress,Pants,Navy,Tunisia,269,143,47
222376M135003,Burberry,Gloves,Tan,United Kingdom,314,154,51
231389M212014,Maison Kitsuné,Polo,Navy,Morocco,430,211,51
231129M147007,Acne Studios,Ring,Gold,Italy,414,261,37
231553M163005,Jacquemus,Wallet,Black,Spain,430,323,25
231202M131018,Versace Jeans Couture,Belt,Black,Italy,265,106,60
231729M191064,Homme Plissé Issey Miyake,Trousers,Gray,Philippines,669,422,37
231111M138005,Carhartt Work In Progress,Beanie,Black,China,59,25,58
231404M142021,Versace,Bracelet,Gold,Italy,629,428,32
231600M237004,Isabel Marant,Sneakers,White,Portugal,660,363,45
231547M180021,AAPE by A Bathing Ape,Jacket,Black,China,504,207,59
222404M213023,Versace,T-Shirt,Gray,Italy,840,622,26
231600M204016,Isabel Marant,Sweatshirt,Blue,Portugal,474,261,45
231168M202001,Maison Margiela,Cardigan,Black,Italy,1834,1156,37
231553M220016,Jacquemus,Socks,Beige,Italy,70,52,26
231404M163004,Versace,Holder,Green,Italy,411,185,55
231695M213037,Palm Angels,T-Shirt,Blue,Italy,550,462,16
231505M192008,mfpen,Shirt,White,Portugal,340,238,30
231404M234022,Versace,Slides,Navy,Italy,684,363,47
222376M237039,Burberry,Sneakers,Black,Italy,1219,695,43
231546M237043,BAPE,Sneakers,Blue,China,514,345,33
231546M213029,BAPE,T-Shirt,Black,Japan,200,162,19
231553M202009,Jacquemus,Hoodie,Red,Portugal,584,333,43
231802M180092,The North Face,Jacket,Black,Viet Nam,564,367,35
231546M190012,BAPE,Sweatpants,Black,Japan,470,273,42
231553M170013,Jacquemus,Bag,Orange,Turkey,885,425,52
222014M178029,Canada Goose,Jacket,Gold,Canada,1800,1260,30
231828M180044,Stone Island,Jacket,Navy,Tunisia,739,355,52
231803M186011,Our Legacy,Jeans,Blue,Portugal,569,433,24
231837M237001,Salomon,Sneakers,Black,Viet Nam,310,270,13
231168M164053,Maison Margiela,Wallet,Black,Italy,809,494,39
231546M213125,BAPE,T-Shirt,White,China,145,125,14
231553M202005,Jacquemus,Hoodie,Black,Portugal,330,261,21
231138M237028,Y-3,Sneakers,Off-White,China,580,360,38
231039M213026,ADER error,T-Shirt,Black,South Korea,344,210,39
231553M212002,Jacquemus,Polo,Pink,Italy,800,320,60
221399M225070,Dr. Martens,Boots,'Made,United Kingdom,365,241,34
231729M191079,Homme Plissé Issey Miyake,Trousers,Black,Philippines,655,413,37
231704M213003,Wooyoungmi,T-Shirt,Purple,South Korea,329,135,59
231677M134037,Loewe,Sunglasses,Black,Italy,709,298,58
221259M237039,Alexander McQueen,Sneakers,Black,Italy,720,396,45
231021M139002,R13,Cap,Black,United States,254,130,49
231553M170004,Jacquemus,Bag,Orange,Turkey,965,859,11
231677M134017,Loewe,Sunglasses,Black,Italy,816,408,50
221168M144000,Maison Margiela,Earring,Gold,Italy,384,250,35
231802M180061,The North Face,Jacket,Black,Viet Nam,484,218,55
222129M204033,Acne Studios,Sweatshirt,Gray,Portugal,444,347,22
231143M186002,Billionaire Boys Club,Jeans,Indigo,China,555,411,26
231546M213063,BAPE,T-Shirt,White,China,165,124,25
222546M191001,BAPE,Trousers,Brown,Japan,505,273,46
231799M237012,Converse,Sneakers,Yellow,Viet Nam,145,115,21
231729M195009,Homme Plissé Issey Miyake,Blazer,Black,Philippines,1469,720,51
231111M188028,Carhartt Work In Progress,Pants,Blue,Tunisia,275,146,47
231828M213012,Stone Island,T-Shirt,Navy,Turkey,285,234,18
231168M213009,Maison Margiela,T-Shirt,White,Turkey,405,316,22
231111M139015,Carhartt Work In Progress,Cap,Black,China,100,43,57
231389M213000,Maison Kitsuné,T-Shirt,Black,Portugal,135,88,35
231376M225006,Burberry,Derbys,Black,Italy,1250,750,40
231546M213155,BAPE,T-Shirt,White,China,145,131,10
231553M139001,Jacquemus,Cap,Black,China,140,91,35
231553M192014,Jacquemus,Shirt,Yellow,Portugal,554,266,52
231553M208004,Jacquemus,Shorts,Red,Portugal,310,171,45
231451M134005,Gucci,Sunglasses,Black,Italy,495,421,15
231547M180026,AAPE by A Bathing Ape,Jacket,Beige,China,439,255,42
231404M213038,Versace,T-Shirt,Black,Tunisia,1159,626,46
231828M188000,Stone Island,Pants,Black,Tunisia,615,480,22
231729M191050,Homme Plissé Issey Miyake,Trousers,Purple,Philippines,676,338,50
231646M186000,LEMAIRE,Jeans,Blue,Morocco,924,786,15
231546M213004,BAPE,T-Shirt,White,China,205,162,21
231802M178020,The North Face,Jacket,Tan,Indonesia,770,316,59
231278M134016,Givenchy,Sunglasses,Silver,Italy,990,416,58
222546M204005,BAPE,Sweatshirt,Khaki,Japan,524,236,55
231404M220017,Versace,Socks,Black,Italy,159,70,56
231828M193006,Stone Island,Shorts,Navy,Tunisia,504,414,18
231802M1780,The North Face,Jacket,Black,Bangladesh,610,299,51
231967M213024,Heron Preston,T-Shirt,Off-White,Portugal,430,344,20
231546M213053,BAPE,T-Shirt,Purple,Japan,165,137,17
231782M191015,Fear of God,Pants,Black,Italy,2309,970,58
231802M180012,The North Face,Jacket,Blue,Viet Nam,534,230,57
231204M237003,ROA,Sneakers,Gray,Italy,645,387,40
231729M213011,Homme Plissé Issey Miyake,T-Shirt,Beige,Philippines,550,264,52
222404M131006,Versace,Belt,Taupe,Italy,740,311,58
231553M140018,Jacquemus,Hat,Yellow,China,164,79,52
231553M170020,Jacquemus,Bag,Indigo,Spain,735,419,43
231600M145030,Isabel Marant,Necklace,Brown,Poland,229,202,12
231546M213075,BAPE,T-Shirt,Black,China,165,137,17
231451M134065,Gucci,Sunglasses,Black,Italy,700,455,35
231828M190001,Stone Island,Pants,Orange,Romania,535,214,60
231729M213022,Homme Plissé Issey Miyake,T-Shirt,Gray,Philippines,350,235,33
231704M213007,Wooyoungmi,T-Shirt,Black,South Korea,459,414,10
231168M204009,Maison Margiela,Sweatshirt,Blue,Italy,1464,1040,29
231221M186004,Solid Homme,Jeans,Blue,South Korea,409,205,50
231039M213010,ADER error,T-Shirt,White,South Korea,245,98,60
231553M170008,Jacquemus,Bag,Green,Turkey,966,483,50
231886M175000,AMIRI,Jacket,Black,Italy,2180,1243,43
231546M193025,BAPE,Shorts,Beige,Japan,310,264,15
231546M2370,BAPE,Sneakers,Red,China,500,220,56
231546M165009,BAPE,Watch,Black,China,824,569,31
231216M191004,Theory,Trousers,Black,China,309,161,48
231138M190000,Y-3,Sweatpants,Black,Pakistan,494,292,41
231546M23700,BAPE,Sneakers,Brown,China,445,343,23
231828M188005,Stone Island,Pants,Navy,Tunisia,640,557,13
231387M212002,Kenzo,Polo,Black,Portugal,390,168,57
231600M145020,Isabel Marant,Necklace,Silver,Poland,284,168,41
231730M172002,Bao Bao Issey Miyake,Tote,Gray,Japan,1615,743,54
231547M180015,AAPE by A Bathing Ape,Jacket,Black,China,194,113,42
231168M231017,Maison Margiela,Loafers,Burgundy,Italy,1864,1156,38
231418M13407,Saint Laurent,Sunglasses,Black,Italy,389,296,24
231111M170001,Carhartt Work In Progress,Bag,Brown,China,89,69,23
231168M144007,Maison Margiela,Earrings,Silver,Italy,679,292,57
231553M150017,Jacquemus,Towel,Orange,Portugal,200,180,10
231168M163003,Maison Margiela,Holder,Silver,Italy,350,207,41
231389M213059,Maison Kitsuné,T-Shirt,White,Portugal,190,101,47
231546M202036,BAPE,Hoodie,Red,China,460,396,14
231168M237018,Maison Margiela,Sneakers,White,Italy,914,576,37
231553M170002,Jacquemus,Bag,Black,Italy,800,544,32
231168M213000,Maison Margiela,T-Shirt,Off-White,Italy,774,457,41
222546M204008,BAPE,Sweatshirt,Navy,China,445,187,58
231828M202054,Stone Island,Sweatshirt,Green,Tunisia,680,354,48
231138M188008,Y-3,Pants,Gray,Indonesia,580,383,34
231389M213049,Maison Kitsuné,T-Shirt,White,Portugal,165,106,36
231729M191080,Homme Plissé Issey Miyake,Trousers,Green,Philippines,709,440,38
231967M213019,Heron Preston,T-Shirt,Off-White,Portugal,559,459,18
222376M163030,Burberry,Holder,Brown,Italy,394,213,46
231821M190020,NEEDLES,Pants,Green,Japan,425,200,53
231553M170012,Jacquemus,Bag,Green,Turkey,885,416,53
231802M185014,The North Face,Vest,Blue,Bangladesh,500,205,59
231111M192016,Carhartt Work In Progress,Shirt,Beige,Bangladesh,195,78,60
231402M237092,New Balance,Sneakers,Brown,Indonesia,175,128,27
231553M140019,Jacquemus,Hat,Red,China,164,87,47
221399M22503,Dr. Martens,Boots,Black,China,260,120,54
231546M139012,BAPE,Cap,Beige,Viet Nam,160,120,25
231886M186082,AMIRI,Jeans,Indigo,United States,2150,1032,52
231088M186092,Ksubi,Jeans,Blue,China,600,246,59
231828M202052,Stone Island,Sweater,White,Moldova,529,413,22
231389M204028,Maison Kitsuné,Sweatshirt,Black,Portugal,329,155,53
231828M204006,Stone Island,Sweatshirt,Navy,Turkey,479,350,27
231892M202004,Martine Rose,Hoodie,Black,Portugal,590,248,58
231546M237034,BAPE,Sneakers,Yellow,China,500,210,58
222014M178026,Canada Goose,Parka,Black,Canada,1700,1207,29
222802M231011,The North Face,Mules,Red,Viet Nam,100,44,56
231546M202011,BAPE,Hoodie,Purple,Japan,545,382,30
231451M134048,Gucci,Sunglasses,Black,Italy,539,302,44
231782M213000,Fear of God,T-Shirt,Gray,United States,459,294,36
231600M213010,Isabel Marant,T-Shirt,Black,Portugal,240,142,41
231799M237008,Converse,Sneakers,Black,Viet Nam,145,102,30
231799M237015,Converse,Sneakers,Black,Viet Nam,125,109,13
231546M213068,BAPE,T-Shirt,White,Japan,165,137,17
231553M139003,Jacquemus,Cap,Beige,China,140,66,53
231553M148002,Jacquemus,Keychain,Gold,China,109,47,57
231129M213032,Acne Studios,T-Shirt,Purple,Portugal,379,205,46
231886M202021,AMIRI,Hoodie,Black,Italy,1890,964,49
231553M192024,Jacquemus,Shirt,Yellow,Portugal,425,255,40
231546M213040,BAPE,T-Shirt,Blue,China,220,198,10
231600M145024,Isabel Marant,Necklace,Silver,Poland,284,205,28
222129M237011,Acne Studios,Sneakers,Black,China,415,249,40
231828M192012,Stone Island,Shirt,Green,Romania,739,340,54
231482M192033,AMI Alexandre Mattiussi,Shirt,Blue,Portugal,410,353,14
231886M237010,AMIRI,Sneakers,Red,China,1000,630,37
231729M191084,Homme Plissé Issey Miyake,Trousers,Purple,Philippines,676,311,54
231892M213021,Martine Rose,T-Shirt,White,Portugal,180,119,34
231547M180019,AAPE by A Bathing Ape,Jacket,Blue,China,369,159,57
231143M186001,Billionaire Boys Club,Jeans,Blue,China,509,372,27
231546M213073,BAPE,T-Shirt,White,Japan,164,135,18
231782M190006,Fear of God,Sweatpants,Off-White,United States,1284,668,48
231553M163004,Jacquemus,Wallet,Khaki,Spain,450,288,36
231802M180076,The North Face,Jacket,Gray,Jordan,369,181,51
231387M163003,Kenzo,Holder,Black,Viet Nam,220,88,60
231546M190004,BAPE,Sweatpants,Green,Japan,435,296,32
222546M202009,BAPE,Hoodie,Blue,China,530,260,51
231677M134041,Loewe,Sunglasses,Tortoiseshell,Italy,710,348,51
231803M19100,Our Legacy,Trousers,Black,Portugal,390,316,19
231807M236004,Valentino Garavani,Sneakers,White,Italy,1664,666,60
231379M213025,Marni,T-Shirt,White,Italy,645,510,21
231677M134045,Loewe,Sunglasses,Beige,Italy,711,320,55
222172M237009,Norda,Sneakers,Gray,China,545,382,30
222677M134010,Loewe,Sunglasses,Pink,Italy,650,332,49
231546M213011,BAPE,T-Shirt,Brown,China,230,175,24
231402M23702,New Balance,Sneakers,Gray,Indonesia,155,95,39
231387M164001,Kenzo,Wallet,Black,Viet Nam,350,186,47
231546M213150,BAPE,T-Shirt,White,Japan,165,116,30
231553M140013,Jacquemus,Hat,Off-White,China,160,106,34
231828M200002,Stone Island,Cardigan,Green,Bulgaria,720,310,57
231168M186007,Maison Margiela,Jeans,Indigo,Italy,830,681,18
231111M131003,Carhartt Work In Progress,Belt,Black,Italy,165,86,48
231828M180046,Stone Island,Jacket,Green,Tunisia,739,340,54
222802M231014,The North Face,Mules,Black,China,125,50,60
222404M145007,Versace,Necklace,Gold,Italy,740,348,53
231546M213216,BAPE,T-Shirt,Gray,China,254,201,21
231546M212004,BAPE,Polo,White,China,255,227,11
231546M213052,BAPE,T-Shirt,Green,Japan,165,137,17
231553M150001,Jacquemus,Scarf,Pink,Italy,239,134,44
231129M186023,Acne Studios,Jeans,Black,Italy,494,386,22
231802M178012,The North Face,Jacket,Purple,Bangladesh,610,366,40
231802M180088,The North Face,Jacket,Purple,Viet Nam,264,180,32
231505M192009,mfpen,Shirt,White,Portugal,320,224,30
231546M213023,BAPE,T-Shirt,White,China,200,178,11
222404M231021,Versace,Slippers,Black,Italy,200,114,43
231803M231000,Our Legacy,Mules,Black,Portugal,680,551,19
231892M231010,Martine Rose,Mules,Black,Italy,1051,473,55
231600M186017,Isabel Marant,Trousers,Blue,Tunisia,475,266,44
231886M186074,AMIRI,Jeans,Black,China,1956,802,59
231553M139007,Jacquemus,Cap,Red,China,140,73,48
231451M134060,Gucci,Sunglasses,Black,Italy,700,392,44
231039M202007,ADER error,Hoodie,Black,South Korea,560,381,32
231828M204000,Stone Island,Sweatshirt,Black,Bulgaria,480,341,29
231802M180034,The North Face,Jacket,Black,Bangladesh,726,334,54
231546M237011,BAPE,Sneakers,Navy,China,409,287,30
231451M134088,Gucci,Sunglasses,Black,Italy,970,456,53
231828M213013,Stone Island,T-Shirt,Black,Turkey,284,219,23
231729M202016,Homme Plissé Issey Miyake,Hoodie,Purple,Japan,820,435,47
231553M220000,Jacquemus,Socks,White,Portugal,64,46,29
231467M192014,Nanamica,Shirt,Off-White,China,439,290,34
231021M192004,R13,Shirt,Red,China,800,384,52
231546M213124,BAPE,T-Shirt,Black,China,144,123,15
231782M186000,Fear of God,Jeans,Blue,United States,1384,803,42
222088M186013,Ksubi,Jeans,Gray,China,375,233,38
231404M147002,Versace,Ring,Gold,Italy,630,265,58
222482M213040,AMI Alexandre Mattiussi,T-Shirt,Black,Portugal,280,160,43
231482M192016,AMI Alexandre Mattiussi,Shirt,Blue,Portugal,310,273,12
231161M193014,Essentials,Shorts,Purple,China,114,94,18
231546M213056,BAPE,T-Shirt,Green,Japan,165,132,20
231600M145023,Isabel Marant,Necklace,Silver,Poland,244,110,55
222129M170006,Acne Studios,Bag,Black,China,364,288,21
231821M190011,NEEDLES,Sweatpants,Silver,Japan,386,166,57
231828M188035,Stone Island,Pants,Beige,Tunisia,554,316,43
231546M237021,BAPE,Sneakers,Multicolored,China,504,318,37
